scClonotypeKey	cellTag
1	["AAAGATGCATGGTCAT", "BCR_CZI-IA10471910"]
1	["AACACGTCATAAGACA", "BCR_CZI-IA10471910"]
0	["AACTCAGCACATCCGG", "BCR_CZI-IA10471910"]
1	["AGACGTTTCAAACAAG", "BCR_CZI-IA10471910"]
0	["AGGCCGTAGCCACGCT", "BCR_CZI-IA10471910"]
0	["ATCATGGCAGGCTGAA", "BCR_CZI-IA10471910"]
1	["ATGCGATGTTTGACAC", "BCR_CZI-IA10471910"]
1	["ATGTGTGGTTCATGGT", "BCR_CZI-IA10471910"]
1	["ATTTCTGTCAGAAATG", "BCR_CZI-IA10471910"]
1	["CAAGAAAAGTAGTGCG", "BCR_CZI-IA10471910"]
1	["CAAGTTGTCAAAGTAG", "BCR_CZI-IA10471910"]
0	["CCTACCAGTCGTCTTC", "BCR_CZI-IA10471910"]
1	["CGACCTTTCGAATGGG", "BCR_CZI-IA10471910"]
0	["CGTTGGGGTCTAGTGT", "BCR_CZI-IA10471910"]
1	["GAACATCTCGCCGTGA", "BCR_CZI-IA10471910"]
0	["GAACGGAAGTTCCACA", "BCR_CZI-IA10471910"]
0	["GACAGAGGTAGAAGGA", "BCR_CZI-IA10471910"]
0	["GATGAAACACATTAGC", "BCR_CZI-IA10471910"]
0	["GGAAAGCCATAGAAAC", "BCR_CZI-IA10471910"]
0	["GGATGTTAGAAAGTGG", "BCR_CZI-IA10471910"]
1	["TAAGTGCTCAGTGTTG", "BCR_CZI-IA10471910"]
1	["TACGGATGTCGAGATG", "BCR_CZI-IA10471910"]
0	["TACTCATGTGCCTGGT", "BCR_CZI-IA10471910"]
1	["TCTATTGAGGATGGTC", "BCR_CZI-IA10471910"]
1	["TCTTTCCAGGACGAAA", "BCR_CZI-IA10471910"]
1	["TGAGGGATCAGGCCCA", "BCR_CZI-IA10471910"]
0	["TGGCGCAAGATATGCA", "BCR_CZI-IA10471910"]
1	["TGGTTCCAGATGCCTT", "BCR_CZI-IA10471910"]
0	["TTTGCGCCATTAGCCA", "BCR_CZI-IA10471910"]
