cellTag	clonotypeKey	aaSeqCDR3
"[""ATGCGATGTTTGACAC"", ""BCR_CZI-IA10471910""]"	"[""TGTGCGAAAGATCCGGACAGAGATGGCTACAACCTGAAATTTGACTACTGG"", ""IGHV3-23"", ""IGHJ4"", ""IGHM""]"	CAKDPDRDGYNLKFDYW
"[""TGAGGGATCAGGCCCA"", ""BCR_CZI-IA10471910""]"	"[""TGTGCGAAAGATCCGGACAGAGATGGCTACAACCTGAAATTTGACTACTGG"", ""IGHV3-23"", ""IGHJ4"", ""IGHM""]"	CAKDPDRDGYNLKFDYW
"[""ATGTGTGGTTCATGGT"", ""BCR_CZI-IA10471910""]"	"[""TGTGCGAAAGATCCGGACAGAGATGGCTACAACCTGAAATTTGACTACTGG"", ""IGHV3-23"", ""IGHJ4"", ""IGHM""]"	CAKDPDRDGYNLKFDYW
"[""TCTATTGAGGATGGTC"", ""BCR_CZI-IA10471910""]"	"[""TGTGCGAAAGATCCGGACAGAGATGGCTACAACCTGAAATTTGACTACTGG"", ""IGHV3-23"", ""IGHJ4"", ""IGHM""]"	CAKDPDRDGYNLKFDYW
"[""CAAGAAAAGTAGTGCG"", ""BCR_CZI-IA10471910""]"	"[""TGTGCGAAAGATCCGGACAGAGATGGCTACAACCTGAAATTTGACTACTGG"", ""IGHV3-23"", ""IGHJ4"", ""IGHM""]"	CAKDPDRDGYNLKFDYW
"[""AAAGATGCATGGTCAT"", ""BCR_CZI-IA10471910""]"	"[""TGTGCGAAAGATCCGGACAGAGATGGCTACAACCTGAAATTTGACTACTGG"", ""IGHV3-23"", ""IGHJ4"", ""IGHM""]"	CAKDPDRDGYNLKFDYW
"[""TACGGATGTCGAGATG"", ""BCR_CZI-IA10471910""]"	"[""TGTGCGAAAGATCCGGACAGAGATGGCTACAACCTGAAATTTGACTACTGG"", ""IGHV3-23"", ""IGHJ4"", ""IGHM""]"	CAKDPDRDGYNLKFDYW
"[""AGACGTTTCAAACAAG"", ""BCR_CZI-IA10471910""]"	"[""TGTGCGAAAGATCCGGACAGAGATGGCTACAACCTGAAATTTGACTACTGG"", ""IGHV3-23"", ""IGHJ4"", ""IGHM""]"	CAKDPDRDGYNLKFDYW
"[""TGGTTCCAGATGCCTT"", ""BCR_CZI-IA10471910""]"	"[""TGTGCGAAAGATCCGGACAGAGATGGCTACAACCTGAAATTTGACTACTGG"", ""IGHV3-23"", ""IGHJ4"", ""IGHM""]"	CAKDPDRDGYNLKFDYW
"[""GAACATCTCGCCGTGA"", ""BCR_CZI-IA10471910""]"	"[""TGTGCGAAAGATCCGGACAGAGATGGCTACAACCTGAAATTTGACTACTGG"", ""IGHV3-23"", ""IGHJ4"", ""IGHM""]"	CAKDPDRDGYNLKFDYW
"[""CGACCTTTCGAATGGG"", ""BCR_CZI-IA10471910""]"	"[""TGTGCGAAAGATCCGGACAGAGATGGCTACAACCTGAAATTTGACTACTGG"", ""IGHV3-23"", ""IGHJ4"", ""IGHM""]"	CAKDPDRDGYNLKFDYW
"[""TCTTTCCAGGACGAAA"", ""BCR_CZI-IA10471910""]"	"[""TGTGCGAAAGATCCGGACAGAGATGGCTACAACCTGAAATTTGACTACTGG"", ""IGHV3-23"", ""IGHJ4"", ""IGHM""]"	CAKDPDRDGYNLKFDYW
"[""AACACGTCATAAGACA"", ""BCR_CZI-IA10471910""]"	"[""TGTGCGAAAGATCCGGACAGAGATGGCTACAACCTGAAATTTGACTACTGG"", ""IGHV3-23"", ""IGHJ4"", ""IGHM""]"	CAKDPDRDGYNLKFDYW
"[""CAAGTTGTCAAAGTAG"", ""BCR_CZI-IA10471910""]"	"[""TGTGCGAAAGATCCGGACAGAGATGGCTACAACCTGAAATTTGACTACTGG"", ""IGHV3-23"", ""IGHJ4"", ""IGHM""]"	CAKDPDRDGYNLKFDYW
"[""TAAGTGCTCAGTGTTG"", ""BCR_CZI-IA10471910""]"	"[""TGTGCGAAAGATCCGGACAGAGATGGCTACAACCTGAAATTTGACTACTGG"", ""IGHV3-23"", ""IGHJ4"", ""IGHM""]"	CAKDPDRDGYNLKFDYW
"[""ATTTCTGTCAGAAATG"", ""BCR_CZI-IA10471910""]"	"[""TGTGCGAAAGATCCGGACAGAGATGGCTACAACCTGAAATTTGACTACTGG"", ""IGHV3-23"", ""IGHJ4"", ""IGHM""]"	CAKDPDRDGYNLKFDYW
"[""GGAAAGCCATAGAAAC"", ""BCR_CZI-IA10471910""]"	"[""TGTGCGAAAGATCCGGACAGAGATGGCTACAACCTGAAATTTGACTACTGG"", ""IGHV3-23"", ""IGHJ4"", ""IGHM""]"	CAKDPDRDGYNLKFDYW
"[""TGGCGCAAGATATGCA"", ""BCR_CZI-IA10471910""]"	"[""TGTGCGAAAGATCCGGACAGAGATGGCTACAACCTGAAATTTGACTACTGG"", ""IGHV3-23"", ""IGHJ4"", ""IGHM""]"	CAKDPDRDGYNLKFDYW
"[""TTTGCGCCATTAGCCA"", ""BCR_CZI-IA10471910""]"	"[""TGTGCGAAAGATCCGGACAGAGATGGCTACAACCTGAAATTTGACTACTGG"", ""IGHV3-23"", ""IGHJ4"", ""IGHM""]"	CAKDPDRDGYNLKFDYW
"[""CGTTGGGGTCTAGTGT"", ""BCR_CZI-IA10471910""]"	"[""TGTGCGAAAGATCCGGACAGAGATGGCTACAACCTGAAATTTGACTACTGG"", ""IGHV3-23"", ""IGHJ4"", ""IGHM""]"	CAKDPDRDGYNLKFDYW
"[""TACTCATGTGCCTGGT"", ""BCR_CZI-IA10471910""]"	"[""TGTGCGAAAGATCCGGACAGAGATGGCTACAACCTGAAATTTGACTACTGG"", ""IGHV3-23"", ""IGHJ4"", ""IGHM""]"	CAKDPDRDGYNLKFDYW
"[""AGGCCGTAGCCACGCT"", ""BCR_CZI-IA10471910""]"	"[""TGTGCGAAAGATCCGGACAGAGATGGCTACAACCTGAAATTTGACTACTGG"", ""IGHV3-23"", ""IGHJ4"", ""IGHM""]"	CAKDPDRDGYNLKFDYW
"[""AACTCAGCACATCCGG"", ""BCR_CZI-IA10471910""]"	"[""TGTGCGAAAGATCCGGACAGAGATGGCTACAACCTGAAATTTGACTACTGG"", ""IGHV3-23"", ""IGHJ4"", ""IGHM""]"	CAKDPDRDGYNLKFDYW
"[""CCTACCAGTCGTCTTC"", ""BCR_CZI-IA10471910""]"	"[""TGTGCGAAAGATCCGGACAGAGATGGCTACAACCTGAAATTTGACTACTGG"", ""IGHV3-23"", ""IGHJ4"", ""IGHM""]"	CAKDPDRDGYNLKFDYW
"[""GAACGGAAGTTCCACA"", ""BCR_CZI-IA10471910""]"	"[""TGTGCGAAAGATCCGGACAGAGATGGCTACAACCTGAAATTTGACTACTGG"", ""IGHV3-23"", ""IGHJ4"", ""IGHM""]"	CAKDPDRDGYNLKFDYW
"[""ATCATGGCAGGCTGAA"", ""BCR_CZI-IA10471910""]"	"[""TGTGCGAAAGATCCGGACAGAGATGGCTACAACCTGAAATTTGACTACTGG"", ""IGHV3-23"", ""IGHJ4"", ""IGHM""]"	CAKDPDRDGYNLKFDYW
"[""GACAGAGGTAGAAGGA"", ""BCR_CZI-IA10471910""]"	"[""TGTGCGAAAGATCCGGACAGAGATGGCTACAACCTGAAATTTGACTACTGG"", ""IGHV3-23"", ""IGHJ4"", ""IGHM""]"	CAKDPDRDGYNLKFDYW
"[""GATGAAACACATTAGC"", ""BCR_CZI-IA10471910""]"	"[""TGTGCGAAAGATCCGGACAGAGATGGCTACAACCTGAAATTTGACTACTGG"", ""IGHV3-23"", ""IGHJ4"", ""IGHM""]"	CAKDPDRDGYNLKFDYW
"[""GGATGTTAGAAAGTGG"", ""BCR_CZI-IA10471910""]"	"[""TGTGCGAAAGATCCGGACAGAGATGGCTACAACCTGAAATTTGACTACTGG"", ""IGHV3-23"", ""IGHJ4"", ""IGHM""]"	CAKDPDRDGYNLKFDYW




















































































